<?xml version="1.0" encoding="UTF-8"?>
<project-private xmlns="http://www.netbeans.org/ns/project-private/1">
    <editor-bookmarks xmlns="http://www.netbeans.org/ns/editor-bookmarks/2" lastBookmarkId="0"/>
    <open-files xmlns="http://www.netbeans.org/ns/projectui-open-files/2">
        <group>
            <file>file:/C:/Users/reecejo11/Rxxim%20Dropbox/NetBeansProjects/PATjava/src/Levels.java</file>
            <file>file:/C:/Users/reecejo11/Rxxim%20Dropbox/NetBeansProjects/PATjava/src/Menu.java</file>
            <file>file:/C:/Users/reecejo11/Rxxim%20Dropbox/NetBeansProjects/PATjava/src/Credits.java</file>
            <file>file:/C:/Users/reecejo11/Rxxim%20Dropbox/NetBeansProjects/PATjava/src/Settings.java</file>
        </group>
    </open-files>
</project-private>
