<?xml version="1.0" encoding="UTF-8"?>
<project-private xmlns="http://www.netbeans.org/ns/project-private/1">
    <editor-bookmarks xmlns="http://www.netbeans.org/ns/editor-bookmarks/2" lastBookmarkId="0"/>
    <open-files xmlns="http://www.netbeans.org/ns/projectui-open-files/2">
        <group>
            <file>file:/C:/Users/trees/Rxxim%20Dropbox/NetBeansProjects/PATjava/src/Level3Game.java</file>
            <file>file:/C:/Users/trees/Rxxim%20Dropbox/NetBeansProjects/PATjava/src/Level1Finish.java</file>
            <file>file:/C:/Users/trees/Rxxim%20Dropbox/NetBeansProjects/PATjava/src/Level3Finish.java</file>
            <file>file:/C:/Users/trees/Rxxim%20Dropbox/NetBeansProjects/PATjava/src/Level4Game.java</file>
            <file>file:/C:/Users/trees/Rxxim%20Dropbox/NetBeansProjects/PATjava/src/Level1Game.java</file>
            <file>file:/C:/Users/trees/Rxxim%20Dropbox/NetBeansProjects/PATjava/src/Menu.java</file>
            <file>file:/C:/Users/trees/Rxxim%20Dropbox/NetBeansProjects/PATjava/src/Level2.java</file>
            <file>file:/C:/Users/trees/Rxxim%20Dropbox/NetBeansProjects/PATjava/src/Level2Finish.java</file>
            <file>file:/C:/Users/trees/Rxxim%20Dropbox/NetBeansProjects/PATjava/src/Levels.java</file>
            <file>file:/C:/Users/trees/Rxxim%20Dropbox/NetBeansProjects/PATjava/src/Level1.java</file>
            <file>file:/C:/Users/trees/Rxxim%20Dropbox/NetBeansProjects/PATjava/src/Credits.java</file>
            <file>file:/C:/Users/trees/Rxxim%20Dropbox/NetBeansProjects/PATjava/src/Level4.java</file>
            <file>file:/C:/Users/trees/Rxxim%20Dropbox/NetBeansProjects/PATjava/src/Level4Finish.java</file>
            <file>file:/C:/Users/trees/Rxxim%20Dropbox/NetBeansProjects/PATjava/src/Level3.java</file>
            <file>file:/C:/Users/trees/Rxxim%20Dropbox/NetBeansProjects/PATjava/src/Level2Game.java</file>
            <file>file:/C:/Users/trees/Rxxim%20Dropbox/NetBeansProjects/PATjava/src/Splash.java</file>
        </group>
    </open-files>
</project-private>
